Question,Answer
O que é a Luca's Tech?,A Luca's Tech é uma empresa de tecnologia que oferece soluções inovadoras para seus clientes.
Quais são os serviços da Luca's Tech?,"Oferecemos desenvolvimento de software, consultoria em TI, e soluções personalizadas para empresas."
Como entrar em contato com a Luca's Tech?,Você pode entrar em contato pelo email contato@lucastech.com ou pelo telefone (11) 1234-5678.
Quais tecnologias a Luca's Tech utiliza?,"Trabalhamos com Java, Python, AWS, Docker, e outras tecnologias de ponta."
A Luca's Tech oferece suporte técnico?,"Sim, oferecemos suporte técnico 24/7 para todos os nossos clientes."
Onde a Luca's Tech está localizada?,"Estamos localizados na Avenida Paulista, em São Paulo, mas atendemos clientes em todo o Brasil."
Quais são os diferenciais da Luca's Tech?,"Nosso diferencial é o foco na inovação, qualidade, e personalização para atender às necessidades de cada cliente."
A Luca's Tech desenvolve aplicativos móveis?,"Sim, desenvolvemos aplicativos móveis para Android e iOS."
Quais são os horários de atendimento da Luca's Tech?,"Atendemos de segunda a sexta, das 9h às 18h."
Como a Luca's Tech protege os dados dos clientes?,"Utilizamos as melhores práticas de segurança, incluindo criptografia, controle de acesso e monitoramento constante."
